id,location,gender,contract,complaints,tenure,plandetails,no_of_support_calls,monthlycharges,churn
1,Anchorage,Female,year-year,yes,1,premium,36,2565,0
2,Cordova,Female,year-year,No,13,custom,44,2890,0
3,Anchorage,Male,month-month,No,30,premium,23,3067,0
4,Haines,Male,year-year,No,2,premium,2,7419,0
5,Fairbanks,Male,year-year,No,28,custom,32,5086,1
6,Cordova,Male,year-year,yes,20,Basic,22,7940,0
7,Athens,Female,year-year,yes,17,premium,11,9018,1
8,Athens,Female,year-year,No,28,premium,35,5594,1
9,Alaska,Male,year-year,No,8,premium,23,9239,1
10,Cordova,Female,year-year,No,29,custom,13,6265,0
11,Anchorage,Male,year-year,yes,28,Basic,29,4592,0
12,Alaska,Male,month-month,No,22,premium,32,7143,0
13,Athens,Male,year-year,yes,11,Basic,31,2906,0
14,Alaska,Male,month-month,No,25,Basic,6,8582,1
15,Anchorage,Male,year-year,No,27,custom,34,5976,1
16,Haines,Male,month-month,yes,5,premium,6,3387,1
17,Cordova,Female,month-month,No,25,premium,34,9018,0
18,Anchorage,Male,month-month,No,9,premium,22,6984,0
19,Athens,Female,year-year,No,20,premium,23,5325,1
20,Athens,Male,month-month,No,11,premium,35,3097,0
21,Haines,Male,month-month,yes,23,Basic,31,3523,1
22,Anchorage,Male,year-year,No,29,premium,5,9166,1
23,Fairbanks,Male,month-month,No,17,Basic,10,6842,1
24,Athens,Female,year-year,No,8,Basic,16,4737,1
25,Cordova,Female,month-month,yes,19,custom,42,8106,0
26,Haines,Male,year-year,yes,10,premium,9,1784,0
27,Cordova,Female,month-month,No,29,premium,32,8502,1
28,Fairbanks,Female,month-month,No,22,custom,31,1997,1
29,Alaska,Female,year-year,yes,20,custom,1,6209,0
30,Cordova,Male,month-month,yes,18,premium,48,4483,0
31,Alaska,Male,month-month,yes,29,Basic,24,9575,0
32,Fairbanks,Female,year-year,yes,16,Basic,33,3078,1
33,Haines,Male,month-month,yes,29,custom,24,7851,1
34,Fairbanks,Female,year-year,No,4,premium,40,6098,1
35,Anchorage,Male,month-month,yes,14,Basic,23,6282,0
36,Alaska,Male,year-year,No,4,premium,20,9116,0
37,Alaska,Female,year-year,yes,25,premium,24,3655,1
38,Athens,Female,month-month,yes,24,Basic,34,7870,1
39,Fairbanks,Female,year-year,No,9,premium,27,5171,0
40,Alaska,Female,year-year,yes,9,custom,29,6087,0
41,Alaska,Male,year-year,No,6,custom,1,1217,0
42,Alaska,Female,month-month,No,24,Basic,45,9516,1
43,Alaska,Female,year-year,No,6,Basic,47,4849,0
44,Alaska,Male,month-month,yes,4,Basic,9,8465,0
45,Cordova,Male,year-year,No,14,premium,24,9551,0
46,Athens,Female,month-month,yes,13,Basic,8,3696,1
47,Alaska,Female,month-month,yes,27,custom,24,8279,0
48,Haines,Male,year-year,yes,5,premium,21,5935,1
49,Alaska,Male,year-year,yes,4,custom,34,8303,1
50,Fairbanks,Male,month-month,yes,3,Basic,37,7322,1
51,Anchorage,Female,month-month,yes,23,premium,7,6622,1
52,Haines,Male,year-year,yes,8,custom,9,5083,1
53,Haines,Male,year-year,No,28,custom,47,1187,1
54,Cordova,Female,year-year,No,28,custom,19,7415,1
55,Fairbanks,Female,month-month,No,27,custom,26,1596,0
56,Haines,Female,year-year,yes,30,custom,4,9654,0
57,Cordova,Female,month-month,yes,8,Basic,7,8478,1
58,Cordova,Female,year-year,yes,9,premium,25,1955,1
59,Athens,Female,year-year,No,21,Basic,13,1843,0
60,Haines,Male,year-year,No,11,custom,45,4784,1
61,Anchorage,Male,year-year,No,2,premium,26,1956,1
62,Haines,Female,month-month,No,28,premium,13,1014,1
63,Alaska,Female,month-month,yes,2,premium,38,7237,1
64,Anchorage,Female,year-year,No,27,Basic,47,5456,1
65,Haines,Male,month-month,No,17,premium,35,8017,1
66,Fairbanks,Male,month-month,yes,15,custom,12,6929,0
67,Fairbanks,Male,month-month,yes,4,premium,9,6124,0
68,Athens,Male,month-month,yes,13,Basic,15,1019,1
69,Athens,Female,year-year,yes,13,premium,37,3520,0
70,Cordova,Female,month-month,No,9,custom,12,6654,1
71,Cordova,Male,year-year,No,11,premium,1,5772,0
72,Cordova,Male,year-year,No,18,Basic,21,2353,1
73,Athens,Male,year-year,No,27,custom,34,3516,1
74,Fairbanks,Male,month-month,No,15,custom,12,4901,1
75,Alaska,Female,year-year,No,28,Basic,47,1326,0
76,Fairbanks,Male,month-month,yes,21,custom,4,1459,1
77,Cordova,Male,year-year,No,1,custom,23,7584,0
78,Fairbanks,Female,month-month,yes,9,custom,7,9185,1
79,Athens,Male,year-year,No,12,premium,4,9107,1
80,Anchorage,Male,year-year,yes,7,premium,25,8295,0
81,Fairbanks,Male,month-month,yes,11,custom,39,2174,0
82,Fairbanks,Female,year-year,yes,17,premium,10,2621,0
83,Fairbanks,Male,year-year,yes,28,custom,23,3600,1
84,Fairbanks,Male,month-month,yes,29,custom,37,8970,0
85,Anchorage,Female,year-year,No,20,Basic,44,3333,1
86,Cordova,Male,year-year,No,25,premium,17,1032,0
87,Athens,Male,year-year,No,24,premium,36,5829,1
88,Anchorage,Male,year-year,No,2,custom,14,1914,0
89,Cordova,Male,year-year,yes,25,premium,5,8238,0
90,Fairbanks,Male,month-month,No,17,premium,44,9595,1
91,Alaska,Male,month-month,No,20,premium,33,9223,0
92,Haines,Female,month-month,No,9,Basic,7,4492,1
93,Haines,Female,month-month,No,23,Basic,23,8539,0
94,Haines,Female,month-month,No,25,custom,42,7418,1
95,Cordova,Female,year-year,yes,22,Basic,22,3226,1
96,Athens,Female,year-year,yes,4,Basic,42,1174,1
97,Haines,Female,month-month,No,30,Basic,8,6896,1
98,Cordova,Female,year-year,yes,7,custom,46,6691,1
99,Anchorage,Male,month-month,No,11,premium,16,4725,1
100,Athens,Male,year-year,yes,17,Basic,41,4663,0
101,Haines,Male,month-month,No,19,custom,48,6663,1
102,Haines,Female,year-year,yes,5,premium,47,9134,0
103,Cordova,Male,month-month,yes,5,Basic,38,2179,1
104,Alaska,Male,month-month,yes,28,premium,43,3752,0
105,Haines,Female,year-year,yes,17,custom,27,4730,0
106,Haines,Female,year-year,yes,15,premium,22,8322,0
107,Alaska,Male,month-month,yes,5,custom,38,8916,1
108,Fairbanks,Female,year-year,yes,13,Basic,13,2156,0
109,Alaska,Female,month-month,yes,26,Basic,46,1643,1
110,Fairbanks,Male,month-month,yes,30,premium,7,1006,0
111,Fairbanks,Female,year-year,No,7,custom,4,3371,1
112,Haines,Male,month-month,yes,21,custom,21,4800,1
113,Anchorage,Female,year-year,yes,11,premium,33,1527,1
114,Anchorage,Female,month-month,No,9,premium,15,1595,0
115,Fairbanks,Female,year-year,yes,5,Basic,8,9405,1
116,Alaska,Male,month-month,No,8,custom,45,6192,0
117,Cordova,Female,year-year,yes,26,Basic,35,1328,0
118,Fairbanks,Female,year-year,yes,18,Basic,27,8420,1
119,Haines,Male,month-month,No,8,premium,46,2331,1
120,Alaska,Male,month-month,No,7,custom,47,7072,0
121,Cordova,Female,month-month,No,23,Basic,25,1990,0
122,Fairbanks,Female,month-month,yes,17,custom,47,5643,1
123,Haines,Male,year-year,No,21,custom,6,9537,0
124,Fairbanks,Male,year-year,yes,8,custom,41,7729,1
125,Fairbanks,Male,year-year,yes,2,premium,46,4657,1
126,Anchorage,Male,month-month,yes,16,custom,19,7764,1
127,Cordova,Female,year-year,yes,16,Basic,3,5356,1
128,Alaska,Female,year-year,yes,3,Basic,7,3515,1
129,Anchorage,Male,year-year,yes,28,custom,27,2781,0
130,Haines,Female,month-month,No,6,premium,43,5004,0
131,Haines,Female,month-month,yes,1,premium,27,6203,0
132,Cordova,Male,year-year,yes,9,Basic,2,3337,0
133,Haines,Male,year-year,No,25,premium,46,8009,1
134,Cordova,Female,month-month,yes,30,premium,14,9063,0
135,Athens,Male,year-year,No,12,premium,8,9683,1
136,Cordova,Male,year-year,No,23,custom,30,6800,1
137,Anchorage,Male,year-year,No,12,custom,29,7788,0
138,Anchorage,Male,year-year,yes,22,premium,42,2723,0
139,Athens,Female,month-month,yes,29,custom,12,5639,1
140,Cordova,Male,month-month,No,9,custom,24,5518,0
141,Athens,Female,year-year,No,1,custom,40,5897,0
142,Athens,Male,year-year,No,9,premium,41,2411,0
143,Alaska,Male,year-year,yes,24,custom,1,6963,1
144,Haines,Male,year-year,yes,12,premium,2,2862,0
145,Haines,Male,year-year,No,2,custom,17,3750,0
146,Athens,Female,month-month,yes,1,premium,24,8265,1
147,Alaska,Male,month-month,yes,3,custom,25,8692,1
148,Athens,Male,month-month,No,1,premium,46,3953,0
149,Athens,Female,year-year,yes,8,custom,13,5330,0
150,Fairbanks,Male,month-month,yes,12,premium,44,9934,1
151,Alaska,Female,month-month,yes,7,custom,40,1390,1
152,Fairbanks,Female,year-year,No,3,custom,41,4006,0
153,Alaska,Male,year-year,yes,9,custom,27,1702,0
154,Haines,Female,month-month,No,14,Basic,31,2039,0
155,Alaska,Male,month-month,No,26,custom,5,9990,0
156,Anchorage,Female,year-year,No,1,premium,32,6714,1
157,Haines,Female,month-month,yes,17,custom,24,3621,0
158,Athens,Female,year-year,yes,19,custom,39,3882,1
159,Anchorage,Male,year-year,No,20,premium,13,1806,1
160,Cordova,Male,month-month,yes,24,premium,15,5339,0
161,Haines,Female,year-year,yes,30,custom,49,5418,0
162,Athens,Female,month-month,yes,26,custom,7,8743,0
163,Haines,Male,month-month,yes,13,premium,16,2949,0
164,Cordova,Male,year-year,No,20,premium,23,2061,0
165,Haines,Female,month-month,yes,26,premium,45,9891,1
166,Athens,Female,year-year,No,9,premium,28,8357,1
167,Fairbanks,Female,year-year,yes,8,premium,33,5893,0
168,Haines,Female,month-month,No,17,custom,6,4892,1
169,Haines,Male,year-year,yes,18,custom,32,3864,0
170,Athens,Female,year-year,No,5,custom,3,8216,1
171,Anchorage,Female,month-month,yes,28,Basic,14,7762,1
172,Haines,Female,year-year,No,12,custom,41,4794,0
173,Athens,Female,month-month,No,10,Basic,25,5216,1
174,Fairbanks,Male,month-month,yes,20,custom,9,1858,1
175,Anchorage,Male,year-year,No,29,custom,35,1008,0
176,Athens,Male,month-month,No,17,custom,43,6572,1
177,Fairbanks,Male,month-month,yes,19,custom,28,8109,1
178,Athens,Male,year-year,No,26,custom,42,9040,1
179,Alaska,Male,year-year,yes,19,premium,9,3452,0
180,Anchorage,Female,month-month,yes,5,premium,41,7361,1
181,Alaska,Male,year-year,No,4,premium,8,1695,1
182,Haines,Female,month-month,yes,12,Basic,17,7457,0
183,Fairbanks,Male,year-year,No,18,custom,41,7190,0
184,Athens,Male,year-year,No,16,premium,38,9494,1
185,Alaska,Male,month-month,yes,3,custom,39,1318,1
186,Anchorage,Female,year-year,No,17,custom,32,5843,0
187,Anchorage,Female,year-year,yes,5,custom,11,9139,0
188,Anchorage,Female,year-year,yes,12,premium,18,9380,1
189,Fairbanks,Male,year-year,yes,20,premium,35,3024,0
190,Haines,Female,year-year,yes,9,premium,35,3060,1
191,Athens,Female,month-month,yes,14,premium,2,1288,0
192,Cordova,Male,month-month,yes,11,custom,7,4074,0
193,Haines,Male,year-year,No,8,Basic,7,7838,1
194,Alaska,Male,year-year,No,24,custom,1,5178,0
195,Alaska,Female,year-year,No,16,custom,34,1127,1
196,Anchorage,Female,month-month,No,7,Basic,15,5484,1
197,Alaska,Male,month-month,No,3,Basic,21,1626,0
198,Haines,Female,month-month,No,28,premium,42,4643,0
199,Haines,Female,year-year,yes,20,premium,20,8571,0
200,Alaska,Female,month-month,No,3,premium,8,2153,0
201,Fairbanks,Female,year-year,yes,12,premium,50,1691,1
202,Athens,Female,year-year,yes,7,custom,15,8126,0
203,Haines,Male,month-month,yes,12,Basic,18,6596,1
204,Haines,Male,year-year,No,13,premium,22,4595,1
205,Anchorage,Female,year-year,yes,9,premium,39,2172,1
206,Anchorage,Male,year-year,No,2,custom,11,9438,1
207,Cordova,Male,year-year,No,25,Basic,2,6873,0
208,Anchorage,Male,month-month,yes,2,premium,17,2339,0
209,Haines,Female,month-month,yes,4,premium,39,6111,1
210,Haines,Female,year-year,yes,4,premium,42,2783,0
211,Alaska,Male,month-month,yes,1,Basic,15,1710,1
212,Cordova,Female,month-month,No,15,premium,42,1355,1
213,Alaska,Female,month-month,yes,11,Basic,34,3368,0
214,Anchorage,Male,month-month,No,16,Basic,22,2200,0
215,Anchorage,Male,year-year,No,14,Basic,12,9448,0
216,Alaska,Male,month-month,yes,23,premium,46,4578,0
217,Anchorage,Male,month-month,yes,21,premium,29,2682,1
218,Athens,Male,year-year,No,29,custom,22,8777,0
219,Cordova,Female,month-month,yes,8,premium,42,9378,1
220,Haines,Female,month-month,yes,12,custom,44,8734,0
221,Anchorage,Female,month-month,No,7,custom,44,7854,0
222,Cordova,Female,year-year,yes,3,custom,2,7250,1
223,Haines,Male,year-year,yes,8,premium,4,9850,1
224,Cordova,Female,year-year,yes,5,Basic,6,2678,1
225,Alaska,Male,month-month,yes,7,Basic,25,1420,1
226,Cordova,Male,year-year,yes,13,premium,25,4103,0
227,Cordova,Male,month-month,No,6,custom,36,4810,1
228,Anchorage,Female,year-year,No,30,custom,50,8185,0
229,Fairbanks,Male,month-month,yes,1,custom,22,2071,0
230,Cordova,Female,year-year,No,5,Basic,24,2122,1
231,Haines,Female,year-year,No,10,Basic,38,7006,0
232,Haines,Male,year-year,yes,7,premium,36,8442,1
233,Fairbanks,Male,year-year,yes,21,Basic,4,1724,1
234,Cordova,Male,month-month,No,26,premium,16,9034,0
235,Anchorage,Female,month-month,No,12,Basic,36,5682,1
236,Haines,Female,year-year,No,8,custom,21,9977,1
237,Haines,Female,year-year,yes,13,premium,2,3662,1
238,Cordova,Male,year-year,No,19,Basic,18,3399,0
239,Alaska,Male,year-year,yes,18,Basic,35,7475,1
240,Cordova,Male,year-year,No,2,Basic,26,3206,1
241,Athens,Female,year-year,yes,14,premium,42,1218,1
242,Athens,Male,year-year,No,21,Basic,15,4190,1
243,Haines,Male,year-year,No,17,premium,30,2640,0
244,Cordova,Female,month-month,yes,6,Basic,15,4238,0
245,Alaska,Female,year-year,No,12,Basic,33,1977,0
246,Cordova,Female,month-month,yes,11,Basic,36,3026,1
247,Athens,Male,month-month,No,2,premium,45,5123,1
248,Haines,Female,month-month,yes,29,Basic,9,5888,1
249,Haines,Female,month-month,yes,25,Basic,50,8324,1
250,Cordova,Female,month-month,No,28,Basic,19,3480,0
251,Alaska,Female,year-year,No,6,premium,46,6315,1
252,Alaska,Male,year-year,yes,7,Basic,41,4249,0
253,Athens,Female,month-month,yes,3,custom,45,5780,0
254,Athens,Male,year-year,No,28,premium,46,1121,0
255,Cordova,Female,year-year,yes,1,custom,10,9805,1
256,Athens,Female,month-month,yes,7,Basic,12,8880,1
257,Cordova,Female,year-year,No,11,Basic,48,5363,0
258,Athens,Female,month-month,yes,5,Basic,19,7758,0
259,Athens,Male,year-year,yes,4,Basic,5,7162,1
260,Haines,Male,year-year,No,11,Basic,16,3031,0
261,Athens,Male,month-month,yes,16,premium,44,1026,1
262,Alaska,Female,month-month,yes,13,custom,2,5247,1
263,Anchorage,Male,month-month,yes,3,custom,32,6324,1
264,Haines,Male,month-month,No,14,Basic,7,8159,0
265,Athens,Male,year-year,yes,17,Basic,10,2688,1
266,Fairbanks,Female,year-year,yes,27,Basic,11,2474,0
267,Athens,Male,month-month,No,19,custom,13,7701,1
268,Haines,Male,month-month,yes,9,premium,24,6385,0
269,Cordova,Female,year-year,yes,10,Basic,3,2168,0
270,Alaska,Female,month-month,yes,21,Basic,13,7940,0
271,Alaska,Female,month-month,yes,1,Basic,20,6786,0
272,Fairbanks,Female,month-month,yes,2,Basic,19,5866,1
273,Haines,Male,month-month,yes,18,premium,15,1849,1
274,Fairbanks,Male,year-year,No,23,custom,25,5299,1
275,Anchorage,Female,year-year,yes,6,Basic,38,5086,1
276,Cordova,Male,year-year,No,29,custom,44,5016,1
277,Alaska,Female,month-month,yes,30,Basic,12,6810,1
278,Cordova,Female,month-month,yes,2,Basic,5,8390,0
279,Alaska,Female,year-year,No,30,premium,36,1739,1
280,Athens,Female,month-month,No,26,custom,7,1642,1
281,Fairbanks,Male,month-month,No,13,custom,29,2619,1
282,Cordova,Male,month-month,yes,15,premium,22,7661,1
283,Athens,Female,month-month,yes,14,custom,43,5250,0
284,Athens,Female,year-year,yes,25,premium,5,5178,0
285,Haines,Female,month-month,No,12,premium,29,1859,1
286,Alaska,Male,month-month,yes,4,premium,20,6447,1
287,Haines,Female,month-month,No,18,premium,46,2028,0
288,Anchorage,Female,year-year,yes,17,Basic,43,3448,1
289,Athens,Male,year-year,No,17,custom,42,6514,0
290,Cordova,Male,month-month,yes,14,Basic,45,2472,0
291,Anchorage,Male,month-month,yes,26,Basic,4,8082,1
292,Anchorage,Female,month-month,No,20,custom,23,2404,0
293,Anchorage,Female,year-year,yes,26,Basic,27,6077,0
294,Fairbanks,Male,month-month,No,5,premium,24,3751,0
295,Fairbanks,Male,month-month,yes,6,Basic,6,2196,0
296,Alaska,Male,month-month,yes,14,custom,18,5932,0
297,Cordova,Female,month-month,yes,17,custom,20,1528,0
298,Cordova,Female,month-month,yes,6,premium,39,5118,1
299,Athens,Male,month-month,yes,28,custom,20,1119,0
300,Haines,Female,year-year,No,9,premium,39,2949,0
301,Athens,Female,month-month,No,21,Basic,38,3525,0
302,Cordova,Female,month-month,No,10,custom,32,6053,1
303,Fairbanks,Male,month-month,yes,26,custom,18,5933,1
304,Haines,Male,month-month,No,6,premium,37,1919,0
305,Athens,Female,year-year,No,8,custom,40,6550,0
306,Cordova,Male,month-month,yes,30,custom,28,4929,1
307,Fairbanks,Male,year-year,No,6,Basic,32,6325,0
308,Athens,Male,year-year,yes,26,premium,32,8703,1
309,Fairbanks,Male,month-month,yes,19,Basic,17,6775,1
310,Alaska,Female,month-month,yes,24,Basic,11,7981,1
311,Anchorage,Male,month-month,No,29,custom,48,8862,0
312,Haines,Male,month-month,yes,7,custom,31,3825,0
313,Haines,Male,month-month,No,10,premium,36,7523,0
314,Anchorage,Male,month-month,yes,18,custom,42,7003,0
315,Athens,Male,year-year,No,18,premium,46,9784,1
316,Anchorage,Female,month-month,yes,27,Basic,38,1503,1
317,Anchorage,Female,month-month,No,7,custom,9,3632,1
318,Alaska,Female,year-year,yes,14,Basic,11,6058,1
319,Alaska,Male,year-year,No,14,Basic,20,8986,0
320,Haines,Female,month-month,No,4,custom,42,3946,1
321,Athens,Female,year-year,yes,7,premium,49,9166,1
322,Fairbanks,Female,month-month,No,14,Basic,36,2740,1
323,Athens,Male,month-month,yes,30,custom,17,1496,0
324,Fairbanks,Male,year-year,yes,15,premium,7,6123,1
325,Athens,Female,year-year,yes,26,Basic,31,8274,1
326,Athens,Female,month-month,yes,8,premium,47,3294,0
327,Cordova,Male,month-month,yes,30,Basic,1,6945,1
328,Athens,Female,year-year,No,17,premium,21,2276,0
329,Haines,Female,month-month,yes,11,custom,23,5648,0
330,Fairbanks,Female,year-year,yes,27,Basic,4,6333,0
331,Athens,Male,year-year,No,12,custom,46,1185,1
332,Anchorage,Male,month-month,yes,13,premium,48,8481,0
333,Anchorage,Male,year-year,No,23,premium,17,9191,0
334,Alaska,Male,year-year,yes,11,premium,7,2400,1
335,Alaska,Male,month-month,No,27,Basic,11,3142,1
336,Anchorage,Male,month-month,No,20,premium,4,6594,0
337,Haines,Male,year-year,yes,22,custom,4,5804,0
338,Alaska,Female,year-year,yes,18,custom,1,5825,1
339,Athens,Male,month-month,yes,23,Basic,28,4825,1
340,Alaska,Female,year-year,No,28,premium,43,3165,1
341,Cordova,Male,year-year,No,30,premium,43,7286,1
342,Alaska,Male,year-year,yes,7,premium,49,5926,0
343,Athens,Female,year-year,No,4,custom,25,5976,0
344,Haines,Female,month-month,yes,20,premium,1,5436,0
345,Cordova,Male,year-year,yes,21,Basic,28,5185,1
346,Alaska,Male,year-year,No,17,premium,3,7320,0
347,Cordova,Male,month-month,yes,7,custom,13,5250,1
348,Haines,Male,month-month,No,18,Basic,6,2542,1
349,Anchorage,Female,year-year,No,20,custom,5,6225,1
350,Anchorage,Female,month-month,No,6,Basic,42,4956,1
351,Fairbanks,Male,month-month,yes,1,premium,39,2664,1
352,Cordova,Male,month-month,yes,24,premium,31,8667,0
353,Cordova,Female,month-month,No,9,Basic,1,8988,0
354,Haines,Male,year-year,No,8,Basic,5,7717,1
355,Cordova,Female,year-year,No,29,premium,42,2636,1
356,Athens,Female,month-month,yes,19,Basic,35,4716,0
357,Alaska,Male,year-year,No,15,Basic,22,6607,1
358,Fairbanks,Male,year-year,No,27,premium,37,2318,0
359,Cordova,Male,year-year,yes,11,custom,2,7769,0
360,Fairbanks,Female,year-year,yes,9,custom,46,2457,1
361,Anchorage,Female,year-year,yes,16,custom,38,2859,1
362,Haines,Female,month-month,No,24,premium,20,2647,0
363,Haines,Female,year-year,No,25,premium,11,7853,0
364,Anchorage,Male,year-year,yes,19,premium,32,9412,0
365,Anchorage,Male,year-year,yes,5,premium,23,9007,0
366,Athens,Female,year-year,yes,7,Basic,22,1450,0
367,Alaska,Male,year-year,No,21,custom,35,1931,0
368,Cordova,Female,year-year,No,18,premium,7,6526,1
369,Alaska,Female,month-month,yes,10,premium,45,5355,0
370,Athens,Female,year-year,yes,3,premium,33,9626,0
371,Cordova,Male,year-year,No,11,custom,18,2024,0
372,Athens,Male,year-year,yes,16,Basic,26,5063,1
373,Alaska,Male,month-month,yes,9,custom,36,2475,1
374,Haines,Female,month-month,No,22,Basic,7,5518,0
375,Haines,Female,year-year,yes,10,premium,42,3420,0
376,Fairbanks,Male,month-month,yes,10,premium,19,6275,0
377,Anchorage,Male,month-month,No,15,premium,20,4175,0
378,Anchorage,Female,month-month,yes,10,Basic,37,8526,1
379,Cordova,Male,month-month,yes,30,custom,8,3613,0
380,Athens,Male,year-year,No,18,premium,49,7042,0
381,Cordova,Female,year-year,No,8,custom,42,2244,0
382,Athens,Male,month-month,No,1,premium,27,4477,0
383,Alaska,Male,year-year,yes,23,Basic,46,4711,1
384,Athens,Male,year-year,yes,26,Basic,26,7382,1
385,Anchorage,Male,month-month,yes,15,Basic,33,1821,1
386,Haines,Male,month-month,yes,16,premium,15,1398,1
387,Athens,Male,month-month,yes,29,premium,5,9769,1
388,Athens,Male,year-year,No,21,custom,29,4125,1
389,Athens,Male,year-year,yes,4,Basic,7,9429,0
390,Haines,Male,year-year,yes,4,Basic,18,1055,1
391,Athens,Female,month-month,yes,3,premium,39,4819,1
392,Cordova,Male,month-month,No,5,custom,23,1770,0
393,Alaska,Male,year-year,yes,22,Basic,24,1491,1
394,Haines,Male,year-year,No,20,custom,26,1639,0
395,Anchorage,Male,month-month,No,10,premium,21,6437,0
396,Cordova,Female,month-month,yes,24,custom,7,4639,1
397,Athens,Female,month-month,yes,27,Basic,46,2437,0
398,Fairbanks,Female,year-year,No,21,premium,19,1287,0
399,Athens,Male,month-month,yes,17,premium,47,4462,1
400,Alaska,Male,year-year,yes,12,Basic,9,7411,0
401,Alaska,Female,month-month,No,2,Basic,47,3887,1
402,Alaska,Female,year-year,No,5,premium,47,8023,1
403,Alaska,Male,year-year,yes,22,custom,2,6483,1
404,Cordova,Female,year-year,yes,3,Basic,3,9728,1
405,Fairbanks,Male,year-year,No,14,Basic,21,2121,1
406,Fairbanks,Male,month-month,No,5,custom,20,1903,1
407,Alaska,Female,year-year,No,4,premium,27,1607,1
408,Anchorage,Male,month-month,No,26,premium,19,5197,0
409,Haines,Male,month-month,No,4,Basic,3,4996,1
410,Haines,Female,month-month,yes,19,premium,13,2886,1
411,Anchorage,Male,year-year,No,12,Basic,6,6757,0
412,Cordova,Female,year-year,yes,20,Basic,11,1404,1
413,Cordova,Male,year-year,yes,3,premium,3,5904,1
414,Alaska,Male,year-year,No,27,premium,49,4702,0
415,Haines,Male,year-year,yes,9,custom,20,2115,0
416,Alaska,Male,year-year,yes,11,premium,3,2300,0
417,Cordova,Male,month-month,yes,25,premium,37,1793,1
418,Alaska,Female,year-year,No,23,Basic,22,5484,1
419,Alaska,Male,month-month,yes,16,premium,24,9750,1
420,Fairbanks,Female,year-year,No,27,Basic,14,2858,1
421,Cordova,Male,month-month,yes,19,Basic,38,8721,1
422,Alaska,Female,month-month,yes,8,custom,42,5873,1
423,Haines,Male,month-month,No,2,premium,32,9226,1
424,Cordova,Female,year-year,No,28,premium,26,2061,0
425,Athens,Male,year-year,yes,1,custom,46,2395,0
426,Alaska,Male,year-year,yes,25,custom,13,1863,1
427,Alaska,Male,year-year,yes,16,custom,12,2711,0
428,Fairbanks,Female,year-year,No,15,custom,47,3506,1
429,Fairbanks,Male,month-month,No,21,premium,10,8059,0
430,Anchorage,Male,month-month,No,29,Basic,28,1259,1
431,Haines,Male,month-month,No,25,custom,39,1990,1
432,Anchorage,Male,year-year,No,20,premium,50,2644,0
433,Anchorage,Female,month-month,yes,7,premium,39,1088,1
434,Haines,Female,year-year,No,7,custom,18,2478,1
435,Haines,Male,month-month,yes,23,custom,17,5433,1
436,Alaska,Female,year-year,yes,1,premium,17,7259,0
437,Cordova,Male,month-month,yes,8,premium,37,6615,1
438,Alaska,Male,month-month,No,18,Basic,2,8480,0
439,Fairbanks,Male,month-month,yes,4,premium,16,6151,1
440,Alaska,Female,year-year,yes,14,Basic,35,9806,0
441,Cordova,Male,month-month,No,17,premium,50,6386,1
442,Anchorage,Female,month-month,No,11,custom,22,1592,0
443,Alaska,Male,year-year,yes,10,premium,39,1755,0
444,Cordova,Female,year-year,yes,12,custom,23,9663,0
445,Alaska,Male,year-year,yes,17,custom,6,4187,0
446,Fairbanks,Female,year-year,No,28,custom,49,1873,1
447,Cordova,Male,year-year,yes,24,Basic,47,9165,0
448,Haines,Female,year-year,No,17,custom,33,8295,0
449,Cordova,Female,year-year,No,2,Basic,16,6434,0
450,Athens,Male,year-year,yes,13,custom,1,8712,1
451,Haines,Female,year-year,yes,11,premium,25,6241,0
452,Anchorage,Female,year-year,No,30,premium,10,6635,0
453,Cordova,Female,month-month,yes,13,Basic,36,2713,0
454,Fairbanks,Male,year-year,No,28,Basic,23,1320,1
455,Anchorage,Female,month-month,yes,26,premium,4,8249,0
456,Cordova,Male,year-year,yes,13,Basic,42,2187,1
457,Anchorage,Male,month-month,No,1,Basic,12,3395,0
458,Haines,Male,year-year,yes,6,premium,44,3252,0
459,Haines,Male,month-month,yes,8,Basic,49,7505,0
460,Cordova,Male,month-month,yes,26,Basic,32,5818,1
461,Alaska,Male,month-month,yes,27,Basic,22,6901,0
462,Haines,Female,month-month,yes,14,premium,44,7046,1
463,Alaska,Male,month-month,yes,11,custom,36,3619,0
464,Haines,Female,year-year,No,5,Basic,40,2957,0
465,Cordova,Female,month-month,No,26,premium,1,8361,0
466,Cordova,Female,year-year,yes,28,Basic,1,8407,0
467,Athens,Male,year-year,No,7,custom,12,7621,1
468,Cordova,Male,year-year,yes,22,premium,20,3614,0
469,Athens,Male,year-year,yes,15,premium,39,4286,0
470,Cordova,Male,year-year,No,1,Basic,44,2348,0
471,Athens,Female,month-month,No,1,Basic,4,9784,0
472,Anchorage,Female,month-month,yes,12,Basic,22,1861,1
473,Fairbanks,Female,month-month,yes,27,custom,9,2679,0
474,Fairbanks,Male,month-month,yes,29,custom,40,8847,0
475,Athens,Female,year-year,yes,10,premium,22,1402,1
476,Alaska,Female,year-year,yes,7,premium,40,9480,0
477,Fairbanks,Male,month-month,No,16,custom,39,2851,1
478,Alaska,Male,month-month,yes,20,premium,10,4444,1
479,Alaska,Male,year-year,No,15,premium,9,1196,0
480,Anchorage,Female,year-year,yes,25,Basic,6,8438,1
481,Haines,Male,month-month,yes,18,premium,37,8584,1
482,Anchorage,Male,year-year,No,7,Basic,9,5081,1
483,Athens,Male,year-year,yes,18,Basic,32,7363,1
484,Cordova,Male,month-month,No,4,premium,39,9133,0
485,Alaska,Female,month-month,No,24,Basic,4,6293,1
486,Athens,Female,year-year,No,18,premium,33,6137,1
487,Alaska,Female,year-year,yes,19,Basic,26,5596,1
488,Haines,Male,year-year,yes,10,Basic,31,6952,1
489,Haines,Female,year-year,No,22,premium,19,8559,1
490,Fairbanks,Male,month-month,No,9,premium,19,6691,0
491,Anchorage,Male,month-month,No,12,custom,38,9825,1
492,Fairbanks,Female,year-year,yes,9,custom,21,5635,0
493,Cordova,Male,year-year,No,16,custom,37,9201,0
494,Haines,Female,year-year,No,4,Basic,1,5910,0
495,Anchorage,Male,month-month,No,16,custom,16,1122,0
496,Anchorage,Female,year-year,yes,12,premium,43,1985,1
497,Haines,Male,month-month,No,30,Basic,23,8988,0
498,Athens,Female,month-month,yes,2,premium,35,1436,1
499,Athens,Male,year-year,yes,25,custom,12,9794,0
500,Cordova,Female,year-year,yes,19,custom,34,3827,0
501,Athens,Female,month-month,yes,1,custom,1,5072,1
502,Haines,Female,year-year,No,27,Basic,18,6254,1
503,Anchorage,Male,year-year,No,15,premium,31,8572,0
504,Athens,Female,month-month,No,5,Basic,5,9410,0
505,Fairbanks,Female,month-month,yes,8,Basic,48,6564,0
506,Haines,Female,month-month,yes,27,Basic,40,3739,1
507,Athens,Male,year-year,No,18,premium,19,4218,0
508,Athens,Male,year-year,No,25,custom,29,1287,0
509,Anchorage,Male,year-year,No,21,Basic,8,3700,0
510,Alaska,Male,month-month,No,28,custom,23,4781,1
511,Alaska,Female,year-year,yes,5,premium,17,5455,1
512,Cordova,Female,month-month,No,14,custom,31,1211,0
513,Fairbanks,Female,month-month,yes,11,premium,20,8050,0
514,Haines,Female,year-year,No,8,custom,16,5152,0
515,Anchorage,Male,month-month,No,27,premium,37,8260,0
516,Fairbanks,Male,month-month,No,1,premium,22,3684,1
517,Cordova,Female,month-month,No,21,Basic,35,1488,0
518,Cordova,Male,year-year,No,8,custom,1,8046,0
519,Fairbanks,Male,year-year,yes,1,premium,40,9876,0
520,Fairbanks,Male,month-month,No,9,Basic,12,9160,1
521,Haines,Male,month-month,yes,16,premium,31,4490,0
522,Anchorage,Female,month-month,yes,10,custom,43,3892,0
523,Athens,Male,month-month,yes,19,Basic,22,4889,0
524,Haines,Female,year-year,yes,25,Basic,14,3962,0
525,Fairbanks,Female,year-year,No,22,custom,25,8687,1
526,Haines,Male,year-year,No,25,custom,38,3040,0
527,Fairbanks,Male,month-month,No,22,premium,29,2609,0
528,Fairbanks,Female,month-month,No,5,Basic,35,5534,1
529,Alaska,Female,month-month,No,3,premium,16,1699,1
530,Anchorage,Male,year-year,No,21,premium,35,5699,0
531,Alaska,Female,year-year,yes,26,premium,36,5434,0
532,Cordova,Male,year-year,No,29,premium,48,6574,0
533,Athens,Female,month-month,yes,22,premium,30,8346,1
534,Cordova,Female,year-year,No,19,Basic,26,2337,1
535,Haines,Female,month-month,yes,1,custom,1,2842,0
536,Haines,Female,month-month,yes,12,premium,41,2116,0
537,Haines,Male,month-month,yes,29,premium,3,1691,1
538,Fairbanks,Male,year-year,No,24,Basic,22,9911,1
539,Haines,Male,month-month,yes,17,premium,14,1028,1
540,Fairbanks,Male,month-month,yes,15,custom,22,7221,0
541,Haines,Male,month-month,No,20,premium,48,3145,1
542,Anchorage,Male,year-year,yes,23,Basic,48,5423,1
543,Athens,Male,year-year,No,6,Basic,39,9947,0
544,Athens,Female,year-year,yes,5,custom,21,1839,1
545,Haines,Male,month-month,No,27,custom,13,4323,0
546,Cordova,Female,year-year,No,24,Basic,12,1501,1
547,Alaska,Male,year-year,No,9,premium,17,4937,1
548,Alaska,Male,month-month,yes,17,premium,21,3823,1
549,Fairbanks,Male,month-month,yes,24,custom,23,5299,0
550,Anchorage,Male,year-year,yes,7,Basic,49,1658,0
551,Anchorage,Male,year-year,yes,16,custom,25,1625,0
552,Haines,Male,month-month,yes,9,premium,36,8068,1
553,Alaska,Female,month-month,yes,28,premium,16,5754,0
554,Cordova,Male,month-month,No,20,Basic,14,6036,1
555,Alaska,Male,month-month,yes,14,premium,25,5307,0
556,Haines,Male,year-year,yes,20,premium,46,4928,0
557,Athens,Male,year-year,yes,26,Basic,5,4108,0
558,Haines,Female,month-month,yes,8,Basic,11,4393,1
559,Alaska,Female,year-year,No,4,Basic,11,6174,0
560,Alaska,Female,month-month,No,30,custom,30,3719,1
561,Anchorage,Male,year-year,No,11,custom,50,7912,1
562,Haines,Female,year-year,yes,23,custom,42,7500,1
563,Anchorage,Male,month-month,yes,17,custom,30,4644,1
564,Fairbanks,Female,year-year,yes,16,custom,48,6354,1
565,Alaska,Female,month-month,No,3,custom,40,4244,1
566,Cordova,Female,year-year,yes,10,premium,5,7999,1
567,Fairbanks,Male,year-year,No,5,premium,45,3417,1
568,Haines,Female,month-month,yes,2,premium,7,5514,0
569,Athens,Male,year-year,yes,27,premium,30,7548,0
570,Cordova,Female,year-year,No,12,premium,13,8570,0
571,Alaska,Female,month-month,yes,29,custom,30,2957,0
572,Cordova,Male,year-year,yes,23,Basic,14,1913,1
573,Alaska,Male,month-month,No,10,premium,19,4292,1
574,Alaska,Male,month-month,yes,15,Basic,22,4986,0
575,Fairbanks,Female,month-month,No,29,premium,25,7927,1
576,Haines,Male,month-month,yes,16,custom,21,9494,1
577,Cordova,Female,month-month,No,11,Basic,37,5147,1
578,Alaska,Male,year-year,yes,23,premium,3,9705,1
579,Haines,Female,year-year,yes,21,custom,11,5487,0
580,Athens,Male,year-year,yes,18,premium,27,8427,1
581,Anchorage,Male,year-year,No,22,custom,23,4572,1
582,Alaska,Male,month-month,No,7,custom,32,4364,1
583,Anchorage,Male,month-month,No,5,Basic,47,4181,0
584,Alaska,Male,year-year,yes,1,premium,17,8942,1
585,Athens,Male,year-year,yes,11,custom,11,8444,1
586,Athens,Male,month-month,yes,26,custom,45,5304,1
587,Haines,Female,month-month,No,20,Basic,14,9674,0
588,Athens,Male,month-month,No,26,premium,30,7628,0
589,Alaska,Male,month-month,yes,14,custom,15,2190,1
590,Athens,Female,year-year,No,29,custom,45,9496,0
591,Athens,Female,year-year,No,14,Basic,2,3289,1
592,Fairbanks,Female,year-year,yes,13,custom,19,2283,1
593,Fairbanks,Female,month-month,yes,12,custom,9,6094,0
594,Alaska,Male,month-month,No,21,Basic,15,3653,0
595,Haines,Female,month-month,No,15,premium,46,3349,0
596,Cordova,Male,month-month,yes,28,custom,7,9072,1
597,Haines,Female,year-year,No,1,Basic,21,6540,0
598,Alaska,Female,year-year,No,9,custom,23,1089,0
599,Haines,Male,month-month,yes,12,premium,14,9669,1
600,Cordova,Male,month-month,yes,11,custom,33,3422,1
601,Anchorage,Female,year-year,yes,29,custom,35,3484,1
602,Anchorage,Male,year-year,No,13,premium,13,2717,0
603,Haines,Male,year-year,yes,25,premium,32,6747,1
604,Haines,Female,year-year,yes,18,custom,21,9736,0
605,Haines,Female,year-year,No,15,premium,15,9860,1
606,Cordova,Male,year-year,yes,8,premium,36,1575,1
607,Haines,Female,year-year,No,4,custom,45,8697,1
608,Haines,Female,month-month,yes,11,custom,20,7118,0
609,Anchorage,Female,year-year,No,1,custom,44,7138,0
610,Cordova,Male,year-year,yes,10,custom,2,7480,1
611,Athens,Female,year-year,yes,9,custom,4,1769,0
612,Athens,Female,year-year,yes,10,Basic,32,6971,1
613,Fairbanks,Male,month-month,No,4,custom,50,1492,0
614,Alaska,Female,year-year,yes,15,Basic,34,5599,0
615,Haines,Female,month-month,No,25,custom,32,9353,0
616,Cordova,Female,month-month,No,25,premium,19,7556,1
617,Cordova,Female,month-month,No,21,premium,15,1374,0
618,Cordova,Female,year-year,yes,15,Basic,32,7994,1
619,Haines,Male,year-year,No,6,premium,40,8350,1
620,Alaska,Male,month-month,No,15,premium,36,9840,0
621,Athens,Female,month-month,yes,8,custom,2,9018,0
622,Fairbanks,Female,year-year,No,21,premium,46,3376,1
623,Athens,Male,month-month,No,1,custom,44,7052,0
624,Athens,Female,month-month,yes,4,Basic,14,5351,1
625,Cordova,Female,year-year,No,23,custom,48,3768,0
626,Anchorage,Female,month-month,No,5,Basic,47,1803,0
627,Alaska,Female,year-year,yes,11,Basic,4,5556,0
628,Haines,Female,month-month,yes,27,premium,9,5467,1
629,Haines,Female,year-year,No,30,premium,26,6030,1
630,Cordova,Male,year-year,No,19,custom,26,5395,1
631,Athens,Male,year-year,No,30,custom,9,8686,0
632,Cordova,Female,year-year,yes,19,custom,20,3107,1
633,Haines,Female,year-year,No,28,Basic,34,1962,0
634,Haines,Female,month-month,No,9,custom,24,9135,1
635,Athens,Female,month-month,yes,16,Basic,36,4518,1
636,Cordova,Female,month-month,No,30,premium,13,8360,1
637,Athens,Female,year-year,No,15,premium,20,2240,1
638,Athens,Female,year-year,No,4,premium,11,8521,0
639,Haines,Male,year-year,No,21,custom,41,4578,1
640,Anchorage,Male,year-year,yes,11,custom,10,2543,1
641,Athens,Female,year-year,No,16,Basic,50,8453,1
642,Fairbanks,Male,year-year,No,20,custom,13,2252,1
643,Anchorage,Male,year-year,No,17,Basic,49,7850,1
644,Cordova,Female,year-year,No,7,custom,26,3944,0
645,Fairbanks,Female,year-year,No,3,custom,30,6926,1
646,Cordova,Male,year-year,No,14,custom,3,7955,0
647,Athens,Male,year-year,yes,30,premium,21,6886,1
648,Cordova,Male,year-year,No,22,premium,20,2262,0
649,Fairbanks,Male,month-month,No,28,Basic,33,3142,0
650,Alaska,Female,year-year,No,7,Basic,30,2224,0
651,Athens,Male,month-month,No,21,premium,5,2105,0
652,Haines,Female,month-month,No,26,premium,6,7467,0
653,Fairbanks,Female,month-month,No,27,premium,7,4728,0
654,Fairbanks,Male,month-month,No,22,Basic,29,5510,0
655,Haines,Male,month-month,No,22,custom,45,8452,0
656,Anchorage,Female,month-month,yes,13,custom,49,1701,1
657,Alaska,Female,month-month,No,9,premium,45,3540,1
658,Cordova,Male,month-month,No,29,custom,23,1060,0
659,Cordova,Male,year-year,yes,9,premium,43,6045,1
660,Alaska,Female,year-year,yes,25,custom,25,8117,1
661,Fairbanks,Male,month-month,No,6,custom,44,3887,0
662,Haines,Male,month-month,No,9,custom,16,4661,0
663,Anchorage,Male,month-month,yes,24,Basic,43,1321,0
664,Anchorage,Male,year-year,yes,24,custom,19,2653,0
665,Athens,Male,year-year,yes,25,custom,38,4187,0
666,Haines,Male,year-year,No,17,custom,48,1613,0
667,Alaska,Female,month-month,yes,10,custom,21,7891,1
668,Athens,Female,month-month,No,15,premium,16,9601,0
669,Fairbanks,Male,year-year,No,12,Basic,3,8630,1
670,Fairbanks,Male,year-year,No,20,Basic,26,9326,1
671,Cordova,Female,month-month,yes,23,Basic,49,2846,0
672,Haines,Female,month-month,No,10,Basic,6,6199,1
673,Alaska,Female,year-year,No,17,custom,16,9365,0
674,Alaska,Male,year-year,No,25,custom,48,3936,1
675,Haines,Male,year-year,yes,29,Basic,11,6234,1
676,Fairbanks,Male,year-year,yes,29,Basic,28,8250,1
677,Anchorage,Female,month-month,yes,2,premium,46,1334,0
678,Anchorage,Male,month-month,No,1,premium,48,4739,1
679,Haines,Male,year-year,No,25,custom,20,5998,0
680,Cordova,Female,month-month,No,29,custom,41,1760,0
681,Alaska,Female,year-year,No,12,Basic,22,2730,1
682,Haines,Female,month-month,No,27,Basic,49,4767,1
683,Alaska,Male,month-month,yes,28,custom,39,1843,1
684,Fairbanks,Male,year-year,No,6,Basic,5,2796,1
685,Athens,Male,month-month,yes,23,Basic,28,8178,1
686,Alaska,Female,year-year,yes,27,custom,35,1153,1
687,Alaska,Female,month-month,No,11,premium,38,9914,1
688,Cordova,Male,month-month,No,22,premium,18,9794,0
689,Haines,Male,month-month,yes,8,custom,8,5184,0
690,Cordova,Male,year-year,yes,16,Basic,14,1243,1
691,Fairbanks,Male,month-month,No,11,custom,42,3999,1
692,Athens,Male,year-year,yes,3,premium,47,3385,0
693,Fairbanks,Male,year-year,yes,18,custom,26,2462,0
694,Haines,Male,year-year,No,4,premium,26,5997,0
695,Athens,Female,month-month,yes,11,Basic,45,5580,1
696,Anchorage,Male,year-year,yes,23,Basic,13,4816,0
697,Cordova,Male,year-year,yes,9,premium,19,9416,0
698,Haines,Female,month-month,yes,26,Basic,7,8646,0
699,Anchorage,Female,month-month,No,9,Basic,19,7295,0
700,Alaska,Male,month-month,No,1,custom,49,7734,1
701,Alaska,Male,year-year,yes,3,Basic,49,5783,0
702,Fairbanks,Female,year-year,yes,11,premium,39,2831,0
703,Cordova,Female,year-year,yes,12,Basic,36,9449,1
704,Fairbanks,Female,month-month,No,21,custom,19,2195,0
705,Cordova,Female,month-month,yes,12,Basic,8,6207,0
706,Cordova,Female,year-year,yes,21,premium,1,8687,1
707,Cordova,Female,month-month,No,10,custom,19,3401,1
708,Fairbanks,Female,month-month,No,22,premium,47,5531,0
709,Alaska,Female,month-month,yes,22,premium,43,8986,0
710,Fairbanks,Male,year-year,No,11,custom,10,4259,0
711,Haines,Female,year-year,No,6,Basic,19,1559,1
712,Cordova,Female,year-year,No,20,custom,7,8360,1
713,Athens,Female,month-month,No,21,Basic,6,2325,0
714,Anchorage,Male,year-year,No,22,custom,19,4984,0
715,Fairbanks,Female,month-month,No,7,premium,20,5055,0
716,Alaska,Male,year-year,yes,4,custom,21,1663,0
717,Anchorage,Female,year-year,No,25,Basic,18,4510,0
718,Fairbanks,Female,year-year,yes,9,custom,18,7991,0
719,Haines,Female,year-year,yes,22,Basic,24,9375,1
720,Fairbanks,Male,year-year,No,6,premium,37,7653,1
721,Cordova,Male,month-month,No,12,custom,25,6393,0
722,Fairbanks,Female,year-year,No,30,custom,22,2140,0
723,Athens,Female,year-year,No,1,Basic,34,5774,0
724,Alaska,Male,month-month,yes,16,premium,35,6878,0
725,Alaska,Female,year-year,No,16,premium,28,6748,1
726,Fairbanks,Female,year-year,yes,2,Basic,12,3474,1
727,Anchorage,Female,month-month,yes,15,Basic,40,4570,0
728,Fairbanks,Female,month-month,No,20,premium,29,6410,0
729,Alaska,Female,year-year,No,16,premium,2,8235,0
730,Anchorage,Male,year-year,yes,9,custom,15,8832,0
731,Cordova,Female,year-year,No,10,Basic,18,7429,0
732,Alaska,Male,year-year,yes,9,custom,33,1448,1
733,Anchorage,Female,month-month,yes,29,Basic,42,9583,0
734,Fairbanks,Female,year-year,No,18,premium,35,8765,1
735,Fairbanks,Male,year-year,No,14,Basic,38,1227,0
736,Cordova,Male,year-year,No,21,Basic,8,9277,0
737,Cordova,Male,month-month,yes,6,premium,34,6957,0
738,Cordova,Male,month-month,No,19,premium,46,9484,1
739,Anchorage,Male,month-month,No,18,Basic,25,9218,1
740,Haines,Male,month-month,No,22,premium,26,1608,0
741,Haines,Male,year-year,yes,10,Basic,16,5656,1
742,Alaska,Female,year-year,No,13,custom,50,2309,0
743,Haines,Female,month-month,No,23,Basic,2,4006,1
744,Cordova,Female,month-month,No,12,custom,42,4783,0
745,Alaska,Male,year-year,yes,15,Basic,20,6993,0
746,Alaska,Male,month-month,yes,24,premium,48,1833,1
747,Fairbanks,Male,year-year,yes,6,Basic,18,7878,1
748,Fairbanks,Male,month-month,yes,29,premium,44,3472,1
749,Cordova,Female,month-month,No,6,custom,34,6355,0
750,Fairbanks,Female,month-month,No,21,custom,25,8454,1
751,Anchorage,Female,year-year,No,14,custom,6,5715,0
752,Anchorage,Female,year-year,yes,15,Basic,43,9824,1
753,Anchorage,Female,month-month,yes,5,Basic,5,4372,1
754,Cordova,Male,year-year,yes,18,custom,25,7678,0
755,Haines,Male,month-month,No,10,custom,48,2659,1
756,Anchorage,Female,month-month,yes,17,Basic,23,8326,1
757,Athens,Female,year-year,No,3,premium,21,8852,0
758,Athens,Female,year-year,No,8,premium,50,6182,0
759,Cordova,Female,year-year,No,21,premium,19,9369,0
760,Anchorage,Male,year-year,No,5,custom,39,6537,1
761,Haines,Female,year-year,No,26,Basic,49,7386,1
762,Alaska,Female,year-year,No,8,premium,21,5092,1
763,Haines,Male,month-month,No,9,premium,36,6969,1
764,Alaska,Male,year-year,yes,13,premium,9,7886,0
765,Cordova,Female,year-year,yes,22,Basic,32,7382,0
766,Alaska,Female,month-month,No,27,premium,33,8606,1
767,Anchorage,Female,month-month,yes,28,premium,34,1191,1
768,Alaska,Female,month-month,yes,18,Basic,28,4665,1
769,Haines,Male,month-month,yes,10,premium,40,5785,0
770,Athens,Male,month-month,yes,1,premium,21,5959,0
771,Haines,Male,year-year,yes,6,custom,33,3669,1
772,Cordova,Male,month-month,yes,25,Basic,29,3916,0
773,Cordova,Female,month-month,yes,11,Basic,47,2272,0
774,Fairbanks,Female,year-year,No,30,custom,8,5405,1
775,Haines,Male,year-year,No,27,Basic,39,8724,0
776,Anchorage,Female,month-month,yes,30,custom,29,2790,1
777,Anchorage,Male,month-month,No,21,Basic,17,4083,0
778,Athens,Male,year-year,No,11,custom,19,7094,1
779,Anchorage,Female,month-month,No,29,custom,39,2506,0
780,Anchorage,Female,month-month,No,16,Basic,15,3216,1
781,Haines,Male,month-month,yes,3,premium,12,6830,1
782,Athens,Female,year-year,yes,29,premium,24,8554,1
783,Haines,Male,month-month,No,15,Basic,46,9646,0
784,Anchorage,Male,year-year,yes,28,premium,46,1850,0
785,Athens,Male,year-year,No,21,custom,20,1455,1
786,Anchorage,Male,month-month,yes,7,premium,48,9237,1
787,Alaska,Female,month-month,yes,2,premium,34,3297,0
788,Cordova,Female,year-year,yes,15,premium,18,6483,1
789,Athens,Female,year-year,No,26,custom,3,7919,0
790,Cordova,Male,year-year,No,28,Basic,39,8714,0
791,Fairbanks,Male,year-year,yes,11,custom,11,5144,1
792,Anchorage,Female,month-month,No,26,Basic,36,6490,0
793,Anchorage,Male,year-year,No,8,custom,26,1975,0
794,Haines,Female,year-year,No,9,premium,1,5543,0
795,Fairbanks,Female,year-year,yes,12,premium,36,7616,0
796,Anchorage,Female,year-year,yes,11,Basic,29,4435,1
797,Alaska,Male,month-month,yes,29,custom,44,9384,0
798,Cordova,Male,month-month,No,12,Basic,38,3125,1
799,Anchorage,Male,month-month,yes,15,premium,11,5255,0
800,Haines,Female,month-month,yes,21,premium,19,6944,0
801,Fairbanks,Male,month-month,No,23,premium,41,1429,0
802,Fairbanks,Male,month-month,yes,30,custom,35,5923,1
803,Athens,Male,year-year,yes,19,custom,44,4818,1
804,Cordova,Male,month-month,yes,19,Basic,33,2177,1
805,Anchorage,Male,year-year,No,14,Basic,16,5168,0
806,Fairbanks,Female,month-month,yes,30,Basic,49,7399,1
807,Alaska,Male,year-year,No,23,custom,24,9175,1
808,Anchorage,Female,month-month,No,3,premium,19,2532,1
809,Cordova,Male,year-year,No,1,Basic,19,5437,0
810,Haines,Female,year-year,yes,28,custom,15,6874,1
811,Fairbanks,Female,month-month,No,30,premium,13,6599,1
812,Haines,Female,year-year,No,15,Basic,49,2315,0
813,Anchorage,Female,month-month,No,27,premium,42,2171,1
814,Haines,Male,year-year,No,10,custom,39,5374,0
815,Athens,Male,year-year,No,27,premium,40,5828,1
816,Cordova,Female,month-month,yes,28,custom,42,8778,1
817,Fairbanks,Male,month-month,No,18,Basic,20,5534,0
818,Cordova,Male,month-month,yes,5,premium,1,1634,0
819,Anchorage,Female,month-month,No,21,Basic,42,7247,0
820,Cordova,Female,month-month,yes,21,premium,50,5512,0
821,Haines,Female,year-year,yes,10,premium,31,3725,0
822,Haines,Female,month-month,No,15,premium,5,4211,0
823,Cordova,Female,year-year,No,25,custom,6,5545,0
824,Athens,Female,year-year,yes,1,custom,22,1534,1
825,Haines,Female,year-year,No,10,Basic,34,4061,1
826,Haines,Female,month-month,No,5,Basic,7,2018,1
827,Fairbanks,Female,year-year,No,2,custom,13,3205,1
828,Athens,Male,year-year,No,15,premium,6,6223,0
829,Anchorage,Female,month-month,No,22,Basic,18,4614,0
830,Cordova,Male,year-year,yes,15,premium,2,5451,1
831,Cordova,Male,month-month,No,3,premium,42,8211,1
832,Anchorage,Male,month-month,yes,25,premium,23,7655,0
833,Athens,Female,year-year,No,4,premium,5,1341,1
834,Fairbanks,Male,year-year,No,24,premium,31,6917,1
835,Anchorage,Female,month-month,No,3,premium,8,8311,0
836,Athens,Male,year-year,yes,2,Basic,27,9463,1
837,Athens,Male,year-year,yes,13,premium,7,1214,0
838,Athens,Male,year-year,No,8,custom,18,8405,1
839,Fairbanks,Male,year-year,yes,2,custom,14,1627,0
840,Haines,Female,month-month,No,11,custom,25,9875,0
841,Fairbanks,Male,month-month,yes,30,premium,14,1230,1
842,Anchorage,Male,month-month,yes,12,custom,20,5842,0
843,Anchorage,Male,year-year,yes,24,Basic,35,2550,0
844,Anchorage,Male,year-year,yes,27,Basic,29,1306,0
845,Alaska,Male,month-month,No,23,Basic,22,8257,0
846,Alaska,Male,year-year,yes,29,Basic,33,3650,0
847,Haines,Female,month-month,No,18,premium,8,5181,1
848,Haines,Female,month-month,No,6,Basic,36,7969,1
849,Alaska,Female,year-year,yes,9,custom,17,7054,0
850,Anchorage,Female,year-year,No,8,custom,7,9270,1
851,Haines,Female,month-month,yes,8,custom,2,8575,1
852,Anchorage,Female,month-month,No,29,custom,16,7685,0
853,Cordova,Female,year-year,No,15,premium,7,8624,0
854,Athens,Male,year-year,No,17,premium,31,3341,0
855,Athens,Female,month-month,yes,24,premium,35,8709,0
856,Cordova,Female,month-month,yes,13,premium,32,3087,1
857,Anchorage,Female,year-year,yes,17,custom,1,3866,0
858,Cordova,Female,month-month,yes,1,custom,6,7507,1
859,Anchorage,Female,year-year,No,3,Basic,27,5065,1
860,Fairbanks,Female,month-month,yes,13,Basic,46,9989,0
861,Athens,Female,year-year,yes,26,custom,31,8835,0
862,Alaska,Female,month-month,yes,27,premium,24,5711,0
863,Alaska,Male,month-month,yes,1,Basic,27,2098,0
864,Fairbanks,Male,month-month,No,29,Basic,40,8422,0
865,Anchorage,Male,month-month,No,22,custom,6,7541,1
866,Haines,Male,month-month,yes,30,custom,44,6066,0
867,Athens,Female,year-year,yes,26,custom,8,6581,0
868,Anchorage,Male,year-year,yes,14,Basic,38,6001,1
869,Anchorage,Female,month-month,No,4,custom,23,6818,0
870,Alaska,Male,year-year,No,29,premium,19,1302,1
871,Haines,Female,year-year,yes,2,Basic,32,4128,1
872,Athens,Male,month-month,No,4,custom,27,4746,1
873,Haines,Male,month-month,yes,4,custom,21,9737,1
874,Alaska,Male,year-year,No,3,premium,6,4336,1
875,Cordova,Male,year-year,yes,10,premium,31,1887,0
876,Alaska,Male,year-year,No,14,custom,35,7732,1
877,Athens,Male,month-month,yes,29,premium,8,8570,1
878,Anchorage,Female,year-year,yes,29,premium,29,6834,0
879,Anchorage,Male,year-year,yes,22,custom,28,8911,1
880,Cordova,Female,year-year,yes,6,Basic,50,4076,1
881,Athens,Male,month-month,No,11,premium,33,1790,1
882,Haines,Male,year-year,yes,1,Basic,47,5157,0
883,Athens,Male,year-year,No,6,Basic,23,6216,1
884,Fairbanks,Male,month-month,yes,2,Basic,24,8391,1
885,Cordova,Male,month-month,yes,23,premium,11,2907,1
886,Alaska,Female,year-year,No,23,custom,10,7123,1
887,Alaska,Male,year-year,yes,12,Basic,40,6696,0
888,Haines,Male,month-month,yes,7,premium,38,1828,0
889,Cordova,Male,year-year,No,22,Basic,40,3976,0
890,Cordova,Male,year-year,yes,11,custom,26,1343,0
891,Alaska,Male,month-month,yes,17,premium,31,5475,1
892,Haines,Female,month-month,No,29,premium,42,8516,0
893,Athens,Female,month-month,yes,29,Basic,12,6437,1
894,Fairbanks,Male,year-year,No,11,custom,25,3318,0
895,Alaska,Female,month-month,yes,10,Basic,2,1208,0
896,Fairbanks,Female,year-year,yes,9,premium,1,9670,1
897,Alaska,Female,month-month,No,6,custom,40,1813,1
898,Fairbanks,Male,month-month,No,21,Basic,46,2814,1
899,Haines,Male,year-year,yes,9,Basic,4,3019,1
900,Anchorage,Male,month-month,yes,24,Basic,10,3648,1
901,Fairbanks,Female,month-month,yes,27,Basic,32,6466,1
902,Anchorage,Male,year-year,yes,16,Basic,27,5526,1
903,Alaska,Female,year-year,No,1,Basic,20,5806,1
904,Anchorage,Male,year-year,No,1,premium,14,7533,1
905,Fairbanks,Female,year-year,No,4,Basic,15,5306,0
906,Anchorage,Female,month-month,No,24,custom,24,9267,0
907,Haines,Female,year-year,yes,18,custom,27,8110,1
908,Cordova,Female,month-month,yes,2,premium,19,3946,0
909,Alaska,Male,year-year,yes,10,custom,49,4542,1
910,Fairbanks,Female,month-month,No,3,custom,10,3792,1
911,Haines,Female,year-year,No,26,premium,22,7084,0
912,Cordova,Male,year-year,yes,27,premium,14,8467,1
913,Cordova,Female,month-month,No,30,Basic,41,4968,1
914,Fairbanks,Male,month-month,No,11,Basic,39,4242,0
915,Alaska,Female,month-month,yes,19,premium,5,2533,1
916,Athens,Female,month-month,yes,12,Basic,17,5126,0
917,Alaska,Female,month-month,No,15,custom,35,8305,0
918,Cordova,Male,year-year,No,5,Basic,47,8054,0
919,Fairbanks,Male,year-year,No,17,Basic,32,4352,0
920,Haines,Male,month-month,yes,18,premium,43,4160,1
921,Alaska,Female,month-month,No,28,custom,47,7514,1
922,Athens,Male,month-month,yes,24,premium,45,6856,1
923,Cordova,Female,year-year,yes,7,custom,2,4943,1
924,Alaska,Male,month-month,yes,4,premium,27,4774,1
925,Cordova,Female,month-month,yes,2,Basic,34,9635,1
926,Cordova,Male,year-year,yes,10,custom,44,1191,1
927,Cordova,Female,month-month,No,28,Basic,39,5479,1
928,Fairbanks,Male,year-year,yes,8,Basic,31,5893,1
929,Cordova,Female,year-year,No,4,custom,28,7507,0
930,Haines,Female,month-month,yes,12,premium,3,6299,1
931,Alaska,Female,year-year,No,22,custom,21,8361,1
932,Alaska,Female,year-year,No,8,custom,37,5668,0
933,Haines,Male,month-month,yes,17,custom,17,8454,0
934,Anchorage,Female,month-month,yes,25,premium,20,3781,0
935,Alaska,Male,year-year,yes,25,custom,44,8578,0
936,Haines,Male,month-month,yes,13,premium,4,9071,0
937,Fairbanks,Male,year-year,No,20,Basic,42,3381,0
938,Cordova,Male,month-month,No,18,Basic,42,3459,0
939,Alaska,Male,month-month,yes,1,custom,2,8600,1
940,Haines,Female,month-month,yes,25,premium,18,2042,1
941,Alaska,Male,month-month,yes,27,custom,18,4335,0
942,Cordova,Female,year-year,yes,1,premium,6,1038,0
943,Haines,Male,year-year,yes,6,premium,11,1683,0
944,Alaska,Male,year-year,No,27,Basic,41,1499,1
945,Alaska,Female,month-month,yes,12,custom,50,6156,1
946,Haines,Female,year-year,yes,2,premium,11,4572,1
947,Alaska,Female,month-month,No,8,custom,40,7118,0
948,Athens,Male,year-year,No,16,custom,7,6590,0
949,Anchorage,Male,month-month,yes,26,Basic,45,8855,0
950,Anchorage,Female,month-month,yes,19,custom,29,7076,0
951,Cordova,Male,month-month,yes,22,premium,39,7921,1
952,Anchorage,Female,month-month,yes,18,Basic,47,7477,0
953,Fairbanks,Male,month-month,yes,9,premium,14,4865,0
954,Cordova,Female,year-year,yes,15,Basic,20,6201,1
955,Alaska,Female,month-month,No,5,Basic,48,6134,0
956,Haines,Female,year-year,No,23,premium,41,3926,0
957,Cordova,Male,year-year,No,19,custom,20,1822,0
958,Haines,Female,month-month,No,17,Basic,2,7937,1
959,Cordova,Female,month-month,No,12,custom,41,6652,1
960,Anchorage,Male,year-year,No,27,Basic,40,8515,1
961,Cordova,Male,month-month,No,20,premium,37,9166,1
962,Fairbanks,Male,month-month,No,20,Basic,28,9899,0
963,Haines,Male,year-year,No,2,custom,21,4052,1
964,Cordova,Female,year-year,yes,25,custom,37,9488,1
965,Fairbanks,Male,month-month,yes,11,premium,33,4704,0
966,Fairbanks,Male,month-month,yes,2,Basic,3,2684,1
967,Fairbanks,Male,month-month,No,18,premium,21,3299,1
968,Anchorage,Male,year-year,No,16,custom,34,2803,0
969,Fairbanks,Male,month-month,No,9,Basic,11,4946,0
970,Cordova,Female,year-year,yes,28,Basic,13,7272,1
971,Athens,Male,year-year,No,18,premium,4,2852,0
972,Haines,Male,month-month,yes,14,custom,39,4294,1
973,Fairbanks,Female,year-year,yes,15,custom,12,7104,1
974,Haines,Female,month-month,yes,27,custom,16,2592,0
975,Cordova,Male,year-year,yes,18,custom,21,3428,1
976,Anchorage,Male,month-month,No,17,custom,14,5280,0
977,Fairbanks,Male,month-month,No,23,custom,2,9500,1
978,Anchorage,Female,year-year,No,26,custom,28,7293,1
979,Fairbanks,Male,year-year,yes,5,custom,4,7173,0
980,Alaska,Male,year-year,yes,27,custom,18,9136,0
981,Anchorage,Female,month-month,No,17,Basic,14,4043,1
982,Fairbanks,Female,month-month,No,21,premium,39,1002,1
983,Fairbanks,Male,month-month,yes,23,Basic,2,8509,1
984,Cordova,Female,month-month,No,16,premium,50,4932,1
985,Athens,Female,year-year,yes,4,custom,47,1935,0
986,Haines,Male,year-year,No,29,Basic,30,4318,1
987,Athens,Male,month-month,No,27,custom,23,4489,1
988,Athens,Male,month-month,yes,22,premium,14,5767,1
989,Haines,Female,month-month,yes,29,premium,20,3224,1
990,Cordova,Male,year-year,yes,19,custom,20,2217,1
991,Fairbanks,Female,year-year,No,14,custom,46,2311,1
992,Cordova,Male,year-year,yes,15,premium,13,2181,1
993,Fairbanks,Female,month-month,No,8,premium,27,5323,0
994,Cordova,Male,month-month,No,4,premium,34,6974,0
995,Haines,Male,month-month,yes,28,custom,10,8798,0
996,Haines,Male,year-year,No,15,premium,10,5080,0
997,Alaska,Male,year-year,No,20,Basic,32,6946,0
998,Haines,Female,month-month,yes,21,premium,37,5494,0
999,Athens,Male,month-month,yes,27,Basic,32,7026,1
1000,Anchorage,Female,month-month,yes,23,Basic,18,1233,0
